ID_Registro,Localidad,Fase_o_Subtipo,Nombre_Iniciativa_o_Evento,Fecha_Programada,Hora_inicio,Hora_cierre,Barrio,Dirección,Lugar_Especifico
,BAR,Playlab (Iniciativa),Tejiendo un Modelo de amor,2026-10-16,9:00 a.m.,,Modelo Norte,Carrera 56 #66A-18,Parque Modelo
,BAR,Playlab (Iniciativa),Unidos por nuestro parque,2026-10-17,9:00 a.m.,,José Joaquín Vargas,Calle 67 #62-20,Parque José Joaquín Várgas
,BAR,Activalab,N/A,2026-09-15,4:00 p.m.,,Modelo Norte,Carrera 55 # 67a - 76,N/A
,BAR,Sesión 2:Entrenalab / Fusionlab,N/A,2026-09-22,4:00 p.m.,,Modelo Norte,Carrera 55 # 67a - 76,N/A
,SCR,Activalab,N/A,2026-09-19,9:00 a.m.,,Primero de Mayo,Carrera 5 #19 – 20,Ludoteca del Velódromo 1 de mayo
,BOS,Activalab,N/A,2026-09-17,9:00 a.m.,,Bosa Centro,Carrera 80K # 61 - 28 Sur,Casa de la Participación
,BOS,Sesión 2:Entrenalab / Fusionlab,N/A,2026-09-24,9:00 a.m.,,Bosa Centro,Carrera 80K # 61 - 28 Sur,Casa de la Participación
,BOS,Playlab (Iniciativa) 1,Me la juego por San Berno,2026-10-08,9:00 a.m.,,San Bernardino,Carrera 88J con calle 74B sur,Parque Villa Emma
,CHA,Sesión 1:Activalab,N/A,2026-09-03,6:30  p.m.,,Chapinero Central,Calle 59bis # 8-15,Edificio Academia 59
,KEN,Sesión 1:Activalab,N/A,2026-09-04,5:00 p.m.,,Villas de Kennedy,Carrera 81D #54-31 sur,Salón comunal Villas de Kennedy
,KEN,Sesión 2:Entrenalab / Fusionlab,N/A,2026-09-11,5:00 p.m.,,Villas de Kennedy,Carrera 81D #54-31 sur,Salón comunal Villas de Kennedy
,SCR,Sesión 2:Entrenalab / Fusionlab,N/A,2026-09-26,9:00 a.m.,,Granada Sur,Avenida 1 de Mayo No. 1 - 40 Sur,Auditorio Alcaldía Local
,ANT,Playlab (Iniciativa),N/A,,,,,,
,ANT,Playlab (Iniciativa),N/A,,,,,,
,TEU,Playlab (Iniciativa),Tejido de juventud,2026-10-31,02:00 p.m.,,Armenia,Carrera 16 #22-21,Parque Armenia
,SUB,Sesión 1:Activalab,N/A,2026-09-20,10:00,,Bilbao,Calle 143b No 151a - 16,Casa de los Abuelos
PLA-BOS-002,BOS,Playlab (Iniciativa),Des-Amor-tigüando Mitos,2026-08-19,9:00am,12:00pm,Bosa Carbonell / Carlos Albán,Calle 72 sur 79 d - 33,Bosa Carbonell a colegio Carlos Albán Holguín Sede A
PLA-USM-001,USM,Playlab (Iniciativa),TEJIENDO TRADICIONALES A TRAVÉS DEL JUEGO,2026-08-22,2:00pm,5:00pm,"Marichuela, Almirante Padilla, Yomasa",Dg. 76b Sur # 1c-40,Plazoleta de la Biblioteca La Marichuela (Plazoleta Cultural)
PLA-TEU-001,TEU,Playlab (Iniciativa),Unidos somos más equipo,2026-08-22,9:00am,12:00pm,Quinta Paredes,Carrera 44B # 22-65,Parque Cádiz
PLA-MAR-001,MAR,Playlab (Iniciativa),Juegos del pasado presente y comunidad de hoy,2026-08-28,1:30pm,5:00pm,Santa Isabel,Calle 1g con  Carrera 27a,Parque Santa Isabel
PLA-SUB-003,SUB,Playlab (Iniciativa),El Tejer del Viento,2026-08-30,11:00am,16:00,San Jorge,Cll 127 C con Cra 87 A,Tanque del Indio - Parque Las Cometas
PLA-FON-001,ANT,Playlab (Iniciativa),N/A,2026-09-19,14:00,1:00pm,Policarpa,Carrera 10 BIS # 3- 58 Sur,Salón Comunal Policarpa
PLA-FON-002,FON,Playlab (Iniciativa),"Cambulos y Gualandays  "" Enamorémonos de nuestro barrio """,2026-08-22,9:00am,12:00pm,Los Cambulos,Calle 23G  # 108 - 32,Parque Los Cambulos
PLA-TUN-001,USM,Playlab (Iniciativa),N/A,2026-09-18,3:00 p.m.,13:00,Los Tejares,Carrera 8B #75B - 13 Sur,Parque Desarrollo Santa Librada - los Tejares 05-512
PLA-TUN-002,TUN,Playlab (Iniciativa),Un día de felicidad,2026-09-05,09:00,13:00,San Carlos,dg 51b sur con Cra 18b.,Parque proximidad San Carlos
ACT-CHA-001,ANT,Activalab,N/A,2026-09-19,14:00,,Policarpa,Carrera 10 BIS # 3- 58 Sur,Salón Comunal Policarpa
ACT-KEN-001,FON,Activalab,N/A,2026-09-09,17:00,,Belén,Calle 17B # 107-32,Salón comunal de Belén
,TEU,Activalab,N/A,2026-09-06,10:00,,La soledad,Carrera 19#39b-59,Casa raizal de Teusaquillo
,MAR,Activalab,N/A,,,,,,
,CHA,Playlab (Iniciativa),Póngase en los chapines del otro,2026-09-26,3:00  p.m.,,Chapinero Central,Calle 60 #7-49,Parque Hippies
,TEU,Playlab (Iniciativa),N/A,2026-09-13,10:00,,La soledad,Carrera 19#39b-59,Casa raizal de Teusaquillo
,FON,Entrenalab,N/A,2026-09-16,17:00,,Belén,Calle 17B # 107-32,Salón comunal de Belén
,ANT,Entrenalab,N/A,2026-09-26,14:00,,Policarpa,Carrera 10 BIS # 3- 58 Sur,Salón Comunal Policarpa
,SUB,Playlab (Iniciativa),N/A,2026-09-26,14:00,,Policarpa,Carrera 10 BIS # 3- 58 Sur,Salón Comunal Policarpa
,USM,Entrenalab,N/A,2026-09-24,3:00 p.m.,,Los Tejares,Carrera 8B #75B - 13 Sur,Parque Desarrollo Santa Librada - los Tejares 05-512
,TEU,Entrenalab,N/A,2026-09-13,10:00,6:00 p.m.,La soledad,Carrera 19#39b-59,Casa raizal de Teusaquillo
,TEU,Entrenalab,Teusaquillo DA DI PARK,2026-09-26,09:00,,Alfonso López,Calle 50 con carrera 21,Parque Alfonso Lopez
,USM,Entrenalab,N/A,2026-10-30,10:00,,La soledad,Carrera 8B #75B - 13 Sur,Parque Desarrollo Santa Librada - los Tejares 05-512
,TEU,Entrenalab,Tejido de juventud,2026-10-31,02:00 p.m.,,Armenia,Carrera 16 #22-21,Parque Armenia
,SUB,Playlab (Iniciativa),N/A,2026-09-27,08:30 A.M.,13:00,Bilbao,Calle 143b No 151a - 16,Casa de los Abuelos
,USM,Playlab (Iniciativa),N/A,2026-10-30,,,,Carrera 8B #75B - 13 Sur,Parque Desarrollo Santa Librada - los Tejares 05-512
,TEU,Playlab (Iniciativa),Teusaquillo DA DI PARK,2026-09-26,09:00,,Alfonso López,Calle 50 con carrera 21,Parque Alfonso Lopez
,SUB,Playlab (Iniciativa),N/A,2026-09-20,10:00,,Bilbao,Calle 143b No 151a - 16,Casa de los Abuelos
,SUB,Sesión 2: Entrenalab / Fusionlab,N/A,2026-09-27,08:30 A.M.,,Bilbao,Calle 143b No 151a - 16,Casa de los Abuelos
,KEN,Playlab (Iniciativa),Vecinos al parque,2026-10-04,10:00 a.m.,,Carmelo III,Calle 53b Sur #82b - 28,Parque Carmelo III
,KEN,Playlab (Iniciativa),Unión de la vecindad,2026-10-10,9:00 a.m.,,Villas de Kennedy,Carrera 81i con calle 54a sur,N/A
,FON,Playlab (Iniciativa),Juegos por la cuadra y risas por la calle,2026-10-04,09:00 a.m.,,Belén,Calle 17B # 107-33,Salón comunal de Belén